{"cameraMode":{"drawMode":0,"name":"Shaded","section":"Shading Mode"},"sceneLighting":false,"audioPlay":false,"sceneViewState":{"showFog":true,"showMaterialUpdate":false,"showSkybox":false,"showFlares":true,"showImageEffects":true,"showParticleSystems":true},"in2DMode":false,"pivot":{"x":0.19999998807907105,"y":3.0399999618530275,"z":0.040000006556510928},"rotation":{"x":-0.3090415596961975,"y":0.07891006767749787,"z":-0.02573978155851364,"w":-0.9474217891693115},"size":2.2578837871551515,"orthographic":false}